<metadata xml:lang="en"><Esri><CreaDate>20191212</CreaDate><CreaTime>06571300</CreaTime><SyncOnce>FALSE</SyncOnce><SyncDate>20210202</SyncDate><SyncTime>14362900</SyncTime><ModDate>20210202</ModDate><ModTime>14362900</ModTime><DataProperties><lineage><Process ToolSource="c:\program files (x86)\arcgis\desktop10.7\ArcToolbox\Toolboxes\Data Management Tools.tbx\CalculateField" Date="20200811" Time="070213">CalculateField spatial.COUNTY.SupervisorialDistricts POPEST "[SUM_P0010001] * 1.12888549" VB #</Process><Process ToolSource="c:\program files (x86)\arcgis\desktop10.7\ArcToolbox\Toolboxes\Conversion Tools.tbx\FeatureClassToFeatureClass" Date="20210202" Time="143629">FeatureClassToFeatureClass "Database Connections\export@gisdbmssvr1.sde\spatial.COUNTY.Administrative\spatial.COUNTY.SupervisorialDistricts" M:\Exports\SJMapOrg SupervisorialDistricts.shp # "REZSD "REZSD" true true false 2 Short 0 5 ,First,#,Database Connections\export@gisdbmssvr1.sde\spatial.COUNTY.Administrative\spatial.COUNTY.SupervisorialDistricts,REZSD,-1,-1;SUM_P0010001 "SUM_P0010001" true true false 8 Double 8 38 ,First,#,Database Connections\export@gisdbmssvr1.sde\spatial.COUNTY.Administrative\spatial.COUNTY.SupervisorialDistricts,SUM_P0010001,-1,-1;SUM_P0010002 "SUM_P0010002" true true false 8 Double 8 38 ,First,#,Database Connections\export@gisdbmssvr1.sde\spatial.COUNTY.Administrative\spatial.COUNTY.SupervisorialDistricts,SUM_P0010002,-1,-1;SUM_P0010003 "SUM_P0010003" true true false 8 Double 8 38 ,First,#,Database Connections\export@gisdbmssvr1.sde\spatial.COUNTY.Administrative\spatial.COUNTY.SupervisorialDistricts,SUM_P0010003,-1,-1;SUM_P0010004 "SUM_P0010004" true true false 8 Double 8 38 ,First,#,Database Connections\export@gisdbmssvr1.sde\spatial.COUNTY.Administrative\spatial.COUNTY.SupervisorialDistricts,SUM_P0010004,-1,-1;SUM_P0010005 "SUM_P0010005" true true false 8 Double 8 38 ,First,#,Database Connections\export@gisdbmssvr1.sde\spatial.COUNTY.Administrative\spatial.COUNTY.SupervisorialDistricts,SUM_P0010005,-1,-1;SUM_P0010006 "SUM_P0010006" true true false 8 Double 8 38 ,First,#,Database Connections\export@gisdbmssvr1.sde\spatial.COUNTY.Administrative\spatial.COUNTY.SupervisorialDistricts,SUM_P0010006,-1,-1;SUM_P0010008 "SUM_P0010008" true true false 8 Double 8 38 ,First,#,Database Connections\export@gisdbmssvr1.sde\spatial.COUNTY.Administrative\spatial.COUNTY.SupervisorialDistricts,SUM_P0010008,-1,-1;SUM_P0010009 "SUM_P0010009" true true false 8 Double 8 38 ,First,#,Database Connections\export@gisdbmssvr1.sde\spatial.COUNTY.Administrative\spatial.COUNTY.SupervisorialDistricts,SUM_P0010009,-1,-1;SUM_P0020001 "SUM_P0020001" true true false 8 Double 8 38 ,First,#,Database Connections\export@gisdbmssvr1.sde\spatial.COUNTY.Administrative\spatial.COUNTY.SupervisorialDistricts,SUM_P0020001,-1,-1;SUM_P0020002 "SUM_P0020002" true true false 8 Double 8 38 ,First,#,Database Connections\export@gisdbmssvr1.sde\spatial.COUNTY.Administrative\spatial.COUNTY.SupervisorialDistricts,SUM_P0020002,-1,-1;SUM_P0020003 "SUM_P0020003" true true false 8 Double 8 38 ,First,#,Database Connections\export@gisdbmssvr1.sde\spatial.COUNTY.Administrative\spatial.COUNTY.SupervisorialDistricts,SUM_P0020003,-1,-1;SUM_P0020004 "SUM_P0020004" true true false 8 Double 8 38 ,First,#,Database Connections\export@gisdbmssvr1.sde\spatial.COUNTY.Administrative\spatial.COUNTY.SupervisorialDistricts,SUM_P0020004,-1,-1;SUM_P0020005 "SUM_P0020005" true true false 8 Double 8 38 ,First,#,Database Connections\export@gisdbmssvr1.sde\spatial.COUNTY.Administrative\spatial.COUNTY.SupervisorialDistricts,SUM_P0020005,-1,-1;SUM_P0020006 "SUM_P0020006" true true false 8 Double 8 38 ,First,#,Database Connections\export@gisdbmssvr1.sde\spatial.COUNTY.Administrative\spatial.COUNTY.SupervisorialDistricts,SUM_P0020006,-1,-1;SUM_P0020007 "SUM_P0020007" true true false 8 Double 8 38 ,First,#,Database Connections\export@gisdbmssvr1.sde\spatial.COUNTY.Administrative\spatial.COUNTY.SupervisorialDistricts,SUM_P0020007,-1,-1;SUM_P0020008 "SUM_P0020008" true true false 8 Double 8 38 ,First,#,Database Connections\export@gisdbmssvr1.sde\spatial.COUNTY.Administrative\spatial.COUNTY.SupervisorialDistricts,SUM_P0020008,-1,-1;SUM_P0020009 "SUM_P0020009" true true false 8 Double 8 38 ,First,#,Database Connections\export@gisdbmssvr1.sde\spatial.COUNTY.Administrative\spatial.COUNTY.SupervisorialDistricts,SUM_P0020009,-1,-1;SUM_P0020010 "SUM_P0020010" true true false 8 Double 8 38 ,First,#,Database Connections\export@gisdbmssvr1.sde\spatial.COUNTY.Administrative\spatial.COUNTY.SupervisorialDistricts,SUM_P0020010,-1,-1;SUM_P0020011 "SUM_P0020011" true true false 8 Double 8 38 ,First,#,Database Connections\export@gisdbmssvr1.sde\spatial.COUNTY.Administrative\spatial.COUNTY.SupervisorialDistricts,SUM_P0020011,-1,-1;SUM_P0030001 "SUM_P0030001" true true false 8 Double 8 38 ,First,#,Database Connections\export@gisdbmssvr1.sde\spatial.COUNTY.Administrative\spatial.COUNTY.SupervisorialDistricts,SUM_P0030001,-1,-1;SUM_P0030002 "SUM_P0030002" true true false 8 Double 8 38 ,First,#,Database Connections\export@gisdbmssvr1.sde\spatial.COUNTY.Administrative\spatial.COUNTY.SupervisorialDistricts,SUM_P0030002,-1,-1;SUM_P0030003 "SUM_P0030003" true true false 8 Double 8 38 ,First,#,Database Connections\export@gisdbmssvr1.sde\spatial.COUNTY.Administrative\spatial.COUNTY.SupervisorialDistricts,SUM_P0030003,-1,-1;SUM_P0030004 "SUM_P0030004" true true false 8 Double 8 38 ,First,#,Database Connections\export@gisdbmssvr1.sde\spatial.COUNTY.Administrative\spatial.COUNTY.SupervisorialDistricts,SUM_P0030004,-1,-1;SUM_P0030005 "SUM_P0030005" true true false 8 Double 8 38 ,First,#,Database Connections\export@gisdbmssvr1.sde\spatial.COUNTY.Administrative\spatial.COUNTY.SupervisorialDistricts,SUM_P0030005,-1,-1;SUM_P0030006 "SUM_P0030006" true true false 8 Double 8 38 ,First,#,Database Connections\export@gisdbmssvr1.sde\spatial.COUNTY.Administrative\spatial.COUNTY.SupervisorialDistricts,SUM_P0030006,-1,-1;SUM_P0030008 "SUM_P0030008" true true false 8 Double 8 38 ,First,#,Database Connections\export@gisdbmssvr1.sde\spatial.COUNTY.Administrative\spatial.COUNTY.SupervisorialDistricts,SUM_P0030008,-1,-1;SUM_P0030009 "SUM_P0030009" true true false 8 Double 8 38 ,First,#,Database Connections\export@gisdbmssvr1.sde\spatial.COUNTY.Administrative\spatial.COUNTY.SupervisorialDistricts,SUM_P0030009,-1,-1;SUM_P0040001 "SUM_P0040001" true true false 8 Double 8 38 ,First,#,Database Connections\export@gisdbmssvr1.sde\spatial.COUNTY.Administrative\spatial.COUNTY.SupervisorialDistricts,SUM_P0040001,-1,-1;SUM_P0040002 "SUM_P0040002" true true false 8 Double 8 38 ,First,#,Database Connections\export@gisdbmssvr1.sde\spatial.COUNTY.Administrative\spatial.COUNTY.SupervisorialDistricts,SUM_P0040002,-1,-1;SUM_P0040003 "SUM_P0040003" true true false 8 Double 8 38 ,First,#,Database Connections\export@gisdbmssvr1.sde\spatial.COUNTY.Administrative\spatial.COUNTY.SupervisorialDistricts,SUM_P0040003,-1,-1;SUM_P0040004 "SUM_P0040004" true true false 8 Double 8 38 ,First,#,Database Connections\export@gisdbmssvr1.sde\spatial.COUNTY.Administrative\spatial.COUNTY.SupervisorialDistricts,SUM_P0040004,-1,-1;SUM_P0040005 "SUM_P0040005" true true false 8 Double 8 38 ,First,#,Database Connections\export@gisdbmssvr1.sde\spatial.COUNTY.Administrative\spatial.COUNTY.SupervisorialDistricts,SUM_P0040005,-1,-1;SUM_P0040006 "SUM_P0040006" true true false 8 Double 8 38 ,First,#,Database Connections\export@gisdbmssvr1.sde\spatial.COUNTY.Administrative\spatial.COUNTY.SupervisorialDistricts,SUM_P0040006,-1,-1;SUM_P0040007 "SUM_P0040007" true true false 8 Double 8 38 ,First,#,Database Connections\export@gisdbmssvr1.sde\spatial.COUNTY.Administrative\spatial.COUNTY.SupervisorialDistricts,SUM_P0040007,-1,-1;SUM_P0040008 "SUM_P0040008" true true false 8 Double 8 38 ,First,#,Database Connections\export@gisdbmssvr1.sde\spatial.COUNTY.Administrative\spatial.COUNTY.SupervisorialDistricts,SUM_P0040008,-1,-1;SUM_P0040009 "SUM_P0040009" true true false 8 Double 8 38 ,First,#,Database Connections\export@gisdbmssvr1.sde\spatial.COUNTY.Administrative\spatial.COUNTY.SupervisorialDistricts,SUM_P0040009,-1,-1;SUM_P0040010 "SUM_P0040010" true true false 8 Double 8 38 ,First,#,Database Connections\export@gisdbmssvr1.sde\spatial.COUNTY.Administrative\spatial.COUNTY.SupervisorialDistricts,SUM_P0040010,-1,-1;SUM_P0040011 "SUM_P0040011" true true false 8 Double 8 38 ,First,#,Database Connections\export@gisdbmssvr1.sde\spatial.COUNTY.Administrative\spatial.COUNTY.SupervisorialDistricts,SUM_P0040011,-1,-1;DISTRICT "DISTRICT" true true false 4 Long 0 10 ,First,#,Database Connections\export@gisdbmssvr1.sde\spatial.COUNTY.Administrative\spatial.COUNTY.SupervisorialDistricts,DISTRICT,-1,-1;FOR_ACCELA "FOR_ACCELA" true true false 16 Text 0 0 ,First,#,Database Connections\export@gisdbmssvr1.sde\spatial.COUNTY.Administrative\spatial.COUNTY.SupervisorialDistricts,FOR_ACCELA,-1,-1;POPEST "POPEST" true true false 4 Long 0 10 ,First,#,Database Connections\export@gisdbmssvr1.sde\spatial.COUNTY.Administrative\spatial.COUNTY.SupervisorialDistricts,POPEST,-1,-1;SHAPE_AREA "SHAPE_AREA" false false true 0 Double 0 0 ,First,#,Database Connections\export@gisdbmssvr1.sde\spatial.COUNTY.Administrative\spatial.COUNTY.SupervisorialDistricts,Shape.area,-1,-1;SHAPE_LEN "SHAPE_LEN" false false true 0 Double 0 0 ,First,#,Database Connections\export@gisdbmssvr1.sde\spatial.COUNTY.Administrative\spatial.COUNTY.SupervisorialDistricts,Shape.len,-1,-1" SAME_AS_TEMPLATE</Process></lineage><itemProps><itemName Sync="TRUE">SupervisorialDistricts</itemName><imsContentType Sync="TRUE">002</imsContentType><nativeExtBox><westBL Sync="TRUE">6249182.825297</westBL><eastBL Sync="TRUE">6440025.963264</eastBL><southBL Sync="TRUE">1999357.133172</southBL><northBL Sync="TRUE">2296349.898074</northBL><exTypeCode Sync="TRUE">1</exTypeCode></nativeExtBox><itemLocation><linkage Sync="TRUE">file://\\sjcvmcddfs1.sjgov.net\users\gis\Exports\SJMapOrg\SupervisorialDistricts.shp</linkage><protocol Sync="TRUE">Local Area Network</protocol></itemLocation><itemSize Sync="TRUE">0.000</itemSize></itemProps><coordRef><type Sync="TRUE">Projected</type><geogcsn Sync="TRUE">GCS_North_American_1983</geogcsn><projcsn Sync="TRUE">NAD_1983_StatePlane_California_III_FIPS_0403_Feet</projcsn><peXml Sync="TRUE">&lt;ProjectedCoordinateSystem xsi:type='typens:ProjectedCoordinateSystem' xmlns:xsi='http://www.w3.org/2001/XMLSchema-instance' xmlns:xs='http://www.w3.org/2001/XMLSchema' xmlns:typens='http://www.esri.com/schemas/ArcGIS/10.7'&gt;&lt;WKT&gt;PROJCS[&amp;quot;NAD_1983_StatePlane_California_III_FIPS_0403_Feet&amp;quot;,GEOGCS[&amp;quot;GCS_North_American_1983&amp;quot;,DATUM[&amp;quot;D_North_American_1983&amp;quot;,SPHEROID[&amp;quot;GRS_1980&amp;quot;,6378137.0,298.257222101]],PRIMEM[&amp;quot;Greenwich&amp;quot;,0.0],UNIT[&amp;quot;Degree&amp;quot;,0.0174532925199433]],PROJECTION[&amp;quot;Lambert_Conformal_Conic&amp;quot;],PARAMETER[&amp;quot;False_Easting&amp;quot;,6561666.666666666],PARAMETER[&amp;quot;False_Northing&amp;quot;,1640416.666666667],PARAMETER[&amp;quot;Central_Meridian&amp;quot;,-120.5],PARAMETER[&amp;quot;Standard_Parallel_1&amp;quot;,37.06666666666667],PARAMETER[&amp;quot;Standard_Parallel_2&amp;quot;,38.43333333333333],PARAMETER[&amp;quot;Latitude_Of_Origin&amp;quot;,36.5],UNIT[&amp;quot;Foot_US&amp;quot;,0.3048006096012192],AUTHORITY[&amp;quot;EPSG&amp;quot;,2227]]&lt;/WKT&gt;&lt;XOrigin&gt;-115860600&lt;/XOrigin&gt;&lt;YOrigin&gt;-93269500&lt;/YOrigin&gt;&lt;XYScale&gt;36787427.345686711&lt;/XYScale&gt;&lt;ZOrigin&gt;-100000&lt;/ZOrigin&gt;&lt;ZScale&gt;10000&lt;/ZScale&gt;&lt;MOrigin&gt;-100000&lt;/MOrigin&gt;&lt;MScale&gt;10000&lt;/MScale&gt;&lt;XYTolerance&gt;0.0032808333333333331&lt;/XYTolerance&gt;&lt;ZTolerance&gt;0.001&lt;/ZTolerance&gt;&lt;MTolerance&gt;0.001&lt;/MTolerance&gt;&lt;HighPrecision&gt;true&lt;/HighPrecision&gt;&lt;WKID&gt;102643&lt;/WKID&gt;&lt;LatestWKID&gt;2227&lt;/LatestWKID&gt;&lt;/ProjectedCoordinateSystem&gt;</peXml><csUnits Sync="TRUE">Linear Unit: Foot_US (0.304801)</csUnits></coordRef></DataProperties><ArcGISFormat>1.0</ArcGISFormat></Esri><idinfo><native Sync="TRUE">Microsoft Windows XP Version 5.1 (Build 2600) Service Pack 3; ESRI ArcCatalog 9.3.1.4000</native><descript><langdata Sync="TRUE">en</langdata><abstract>REQUIRED: A brief narrative summary of the data set.</abstract><purpose>REQUIRED: A summary of the intentions with which the data set was developed.</purpose></descript><citation><citeinfo><origin>REQUIRED: The name of an organization or individual that developed the data set.</origin><pubdate>REQUIRED: The date when the data set is published or otherwise made available for release.</pubdate><title Sync="TRUE">spatial.COUNTY.SupervisorialDistricts</title><ftname Sync="TRUE">spatial.COUNTY.SupervisorialDistricts</ftname><geoform Sync="TRUE">vector digital data</geoform><onlink Sync="TRUE">Server=sjcgisdbms; Service=5151/tcp; Database=spatial; User=county; Version=sde.DEFAULT</onlink></citeinfo></citation><timeperd><current>REQUIRED: The basis on which the time period of content information is determined.</current><timeinfo><sngdate><caldate>REQUIRED: The year (and optionally month, or month and day) for which the data set corresponds to the ground.</caldate></sngdate></timeinfo></timeperd><status><progress>REQUIRED: The state of the data set.</progress><update>REQUIRED: The frequency with which changes and additions are made to the data set after the initial data set is completed.</update></status><spdom><bounding><westbc Sync="TRUE">REQUIRED: Western-most coordinate of the limit of coverage expressed in longitude.</westbc><eastbc Sync="TRUE">REQUIRED: Eastern-most coordinate of the limit of coverage expressed in longitude.</eastbc><northbc Sync="TRUE">REQUIRED: Northern-most coordinate of the limit of coverage expressed in latitude.</northbc><southbc Sync="TRUE">REQUIRED: Southern-most coordinate of the limit of coverage expressed in latitude.</southbc></bounding></spdom><keywords><theme><themekt>REQUIRED: Reference to a formally registered thesaurus or a similar authoritative source of theme keywords.</themekt><themekey>REQUIRED: Common-use word or phrase used to describe the subject of the data set.</themekey></theme></keywords><accconst>REQUIRED: Restrictions and legal prerequisites for accessing the data set.</accconst><useconst>REQUIRED: Restrictions and legal prerequisites for using the data set after access is granted.</useconst><natvform Sync="TRUE">SDE Feature Class</natvform></idinfo><dataIdInfo><envirDesc Sync="TRUE"> Version 6.2 (Build 9200) ; Esri ArcGIS 10.7.1.11595</envirDesc><dataLang><languageCode Sync="TRUE" value="eng" country="USA"/><countryCode value="USA" Sync="TRUE"/></dataLang><idCitation><resTitle Sync="TRUE">SupervisorialDistricts</resTitle><presForm><PresFormCd Sync="TRUE" value="005"/></presForm></idCitation><spatRpType><SpatRepTypCd Sync="TRUE" value="001"/></spatRpType><descKeys><thesaName uuidref="723f6998-058e-11dc-8314-0800200c9a66"/><keyword Sync="TRUE">002</keyword></descKeys><dataExt><geoEle><GeoBndBox esriExtentType="search"><westBL Sync="TRUE">-121.588847</westBL><eastBL Sync="TRUE">-120.919236</eastBL><northBL Sync="TRUE">38.300665</northBL><southBL Sync="TRUE">37.480867</southBL><exTypeCode Sync="TRUE">1</exTypeCode></GeoBndBox></geoEle></dataExt></dataIdInfo><metainfo><langmeta Sync="TRUE">en</langmeta><metstdn Sync="TRUE">FGDC Content Standards for Digital Geospatial Metadata</metstdn><metstdv Sync="TRUE">FGDC-STD-001-1998</metstdv><mettc Sync="TRUE">local time</mettc><metc><cntinfo><cntorgp><cntper>REQUIRED: The person responsible for the metadata information.</cntper><cntorg>REQUIRED: The organization responsible for the metadata information.</cntorg></cntorgp><cntaddr><addrtype>REQUIRED: The mailing and/or physical address for the organization or individual.</addrtype><city>REQUIRED: The city of the address.</city><state>REQUIRED: The state or province of the address.</state><postal>REQUIRED: The ZIP or other postal code of the address.</postal></cntaddr><cntvoice>REQUIRED: The telephone number by which individuals can speak to the organization or individual.</cntvoice></cntinfo></metc><metd Sync="TRUE">20110803</metd></metainfo><mdLang><languageCode Sync="TRUE" value="eng"/><countryCode value="USA" Sync="TRUE"/></mdLang><mdStanName Sync="TRUE">ISO 19115 Geographic Information - Metadata</mdStanName><mdStanVer Sync="TRUE">DIS_ESRI1.0</mdStanVer><mdChar><CharSetCd Sync="TRUE" value="004"/></mdChar><mdHrLv><ScopeCd Sync="TRUE" value="005"/></mdHrLv><mdHrLvName Sync="TRUE">dataset</mdHrLvName><distinfo><resdesc Sync="TRUE">Downloadable Data</resdesc></distinfo><distInfo><distributor><distorTran><onLineSrc><orDesc Sync="TRUE">002</orDesc><linkage Sync="TRUE">Server=sjcgisdbms; Service=5151/tcp; Database=spatial; User=county; Version=sde.DEFAULT</linkage><protocol Sync="TRUE">ArcSDE Connection</protocol></onLineSrc></distorTran><distorFormat><formatName Sync="TRUE">SDE Feature Class</formatName></distorFormat></distributor><distFormat><formatName Sync="TRUE">Shapefile</formatName></distFormat><distTranOps><transSize Sync="TRUE">0.000</transSize></distTranOps></distInfo><spdoinfo><direct Sync="TRUE">Vector</direct><ptvctinf><esriterm Name="SupervisorialDistricts"><efeatyp Sync="TRUE">Simple</efeatyp><efeageom code="4" Sync="TRUE"></efeageom><esritopo Sync="TRUE">FALSE</esritopo><efeacnt Sync="TRUE">0</efeacnt><spindex Sync="TRUE">FALSE</spindex><linrefer Sync="TRUE">FALSE</linrefer></esriterm></ptvctinf></spdoinfo><spref><horizsys><cordsysn><geogcsn Sync="TRUE">GCS_North_American_1983</geogcsn><projcsn Sync="TRUE">NAD_1983_StatePlane_California_III_FIPS_0403_Feet</projcsn></cordsysn><planar><planci><plance Sync="TRUE">coordinate pair</plance><plandu Sync="TRUE">survey feet</plandu><coordrep><absres Sync="TRUE">0.000192</absres><ordres Sync="TRUE">0.000192</ordres></coordrep></planci></planar><geodetic><horizdn Sync="TRUE">North American Datum of 1983</horizdn><ellips Sync="TRUE">Geodetic Reference System 80</ellips><semiaxis Sync="TRUE">6378137.000000</semiaxis><denflat Sync="TRUE">298.257222</denflat></geodetic></horizsys><vertdef><altsys><altenc Sync="TRUE">Explicit elevation coordinate included with horizontal coordinates</altenc><altres Sync="TRUE">1.000000</altres></altsys></vertdef></spref><refSysInfo><RefSystem><refSysID><identCode Sync="TRUE" code="2227">NAD_1983_StatePlane_California_III_FIPS_0403_Feet</identCode><idCodeSpace Sync="TRUE">EPSG</idCodeSpace><idVersion Sync="TRUE">5.3(9.0.0)</idVersion></refSysID></RefSystem></refSysInfo><spatRepInfo><VectSpatRep><geometObjs Name="SupervisorialDistricts"><geoObjTyp><GeoObjTypCd value="002" Sync="TRUE"></GeoObjTypCd></geoObjTyp><geoObjCnt Sync="TRUE">0</geoObjCnt></geometObjs><topLvl><TopoLevCd value="001" Sync="TRUE"></TopoLevCd></topLvl></VectSpatRep></spatRepInfo><eainfo><detailed Name="SupervisorialDistricts"><enttyp><enttypl Sync="TRUE">SupervisorialDistricts</enttypl><enttypt Sync="TRUE">Feature Class</enttypt><enttypc Sync="TRUE">0</enttypc></enttyp><attr><attrlabl Sync="TRUE">FID</attrlabl><attalias Sync="TRUE">FID</attalias><attrtype Sync="TRUE">OID</attrtype><attwidth Sync="TRUE">4</attwidth><atprecis Sync="TRUE">0</atprecis><attscale Sync="TRUE">0</attscale><attrdef Sync="TRUE">Internal feature number.</attrdef><attrdefs Sync="TRUE">Esri</attrdefs><attrdomv><udom Sync="TRUE">Sequential unique whole numbers that are automatically generated.</udom></attrdomv></attr><attr><attrlabl Sync="TRUE">Shape</attrlabl><attalias Sync="TRUE">Shape</attalias><attrtype Sync="TRUE">Geometry</attrtype><attwidth Sync="TRUE">0</attwidth><atprecis Sync="TRUE">0</atprecis><attscale Sync="TRUE">0</attscale><attrdef Sync="TRUE">Feature geometry.</attrdef><attrdefs Sync="TRUE">ESRI</attrdefs><attrdomv><udom Sync="TRUE">Coordinates defining the features.</udom></attrdomv></attr><attr><attrlabl Sync="TRUE">REZSD</attrlabl><attalias Sync="TRUE">REZSD</attalias><attrtype Sync="TRUE">Integer</attrtype><attwidth Sync="TRUE">5</attwidth><atprecis Sync="TRUE">5</atprecis><attscale Sync="TRUE">0</attscale></attr><attr><attrlabl Sync="TRUE">SUM_P00100</attrlabl><attalias Sync="TRUE">SUM_P00100</attalias><attrtype Sync="TRUE">Double</attrtype><attwidth Sync="TRUE">19</attwidth><atprecis Sync="TRUE">18</atprecis><attscale Sync="TRUE">8</attscale></attr><attr><attrlabl Sync="TRUE">SUM_P001_1</attrlabl><attalias Sync="TRUE">SUM_P001_1</attalias><attrtype Sync="TRUE">Double</attrtype><attwidth Sync="TRUE">19</attwidth><atprecis Sync="TRUE">18</atprecis><attscale Sync="TRUE">8</attscale></attr><attr><attrlabl Sync="TRUE">SUM_P001_2</attrlabl><attalias Sync="TRUE">SUM_P001_2</attalias><attrtype Sync="TRUE">Double</attrtype><attwidth Sync="TRUE">19</attwidth><atprecis Sync="TRUE">18</atprecis><attscale Sync="TRUE">8</attscale></attr><attr><attrlabl Sync="TRUE">SUM_P001_3</attrlabl><attalias Sync="TRUE">SUM_P001_3</attalias><attrtype Sync="TRUE">Double</attrtype><attwidth Sync="TRUE">19</attwidth><atprecis Sync="TRUE">18</atprecis><attscale Sync="TRUE">8</attscale></attr><attr><attrlabl Sync="TRUE">SUM_P001_4</attrlabl><attalias Sync="TRUE">SUM_P001_4</attalias><attrtype Sync="TRUE">Double</attrtype><attwidth Sync="TRUE">19</attwidth><atprecis Sync="TRUE">18</atprecis><attscale Sync="TRUE">8</attscale></attr><attr><attrlabl Sync="TRUE">SUM_P001_5</attrlabl><attalias Sync="TRUE">SUM_P001_5</attalias><attrtype Sync="TRUE">Double</attrtype><attwidth Sync="TRUE">19</attwidth><atprecis Sync="TRUE">18</atprecis><attscale Sync="TRUE">8</attscale></attr><attr><attrlabl Sync="TRUE">SUM_P001_6</attrlabl><attalias Sync="TRUE">SUM_P001_6</attalias><attrtype Sync="TRUE">Double</attrtype><attwidth Sync="TRUE">19</attwidth><atprecis Sync="TRUE">18</atprecis><attscale Sync="TRUE">8</attscale></attr><attr><attrlabl Sync="TRUE">SUM_P001_7</attrlabl><attalias Sync="TRUE">SUM_P001_7</attalias><attrtype Sync="TRUE">Double</attrtype><attwidth Sync="TRUE">19</attwidth><atprecis Sync="TRUE">18</atprecis><attscale Sync="TRUE">8</attscale></attr><attr><attrlabl Sync="TRUE">SUM_P00200</attrlabl><attalias Sync="TRUE">SUM_P00200</attalias><attrtype Sync="TRUE">Double</attrtype><attwidth Sync="TRUE">19</attwidth><atprecis Sync="TRUE">18</atprecis><attscale Sync="TRUE">8</attscale></attr><attr><attrlabl Sync="TRUE">SUM_P002_1</attrlabl><attalias Sync="TRUE">SUM_P002_1</attalias><attrtype Sync="TRUE">Double</attrtype><attwidth Sync="TRUE">19</attwidth><atprecis Sync="TRUE">18</atprecis><attscale Sync="TRUE">8</attscale></attr><attr><attrlabl Sync="TRUE">SUM_P002_2</attrlabl><attalias Sync="TRUE">SUM_P002_2</attalias><attrtype Sync="TRUE">Double</attrtype><attwidth Sync="TRUE">19</attwidth><atprecis Sync="TRUE">18</atprecis><attscale Sync="TRUE">8</attscale></attr><attr><attrlabl Sync="TRUE">SUM_P002_3</attrlabl><attalias Sync="TRUE">SUM_P002_3</attalias><attrtype Sync="TRUE">Double</attrtype><attwidth Sync="TRUE">19</attwidth><atprecis Sync="TRUE">18</atprecis><attscale Sync="TRUE">8</attscale></attr><attr><attrlabl Sync="TRUE">SUM_P002_4</attrlabl><attalias Sync="TRUE">SUM_P002_4</attalias><attrtype Sync="TRUE">Double</attrtype><attwidth Sync="TRUE">19</attwidth><atprecis Sync="TRUE">18</atprecis><attscale Sync="TRUE">8</attscale></attr><attr><attrlabl Sync="TRUE">SUM_P002_5</attrlabl><attalias Sync="TRUE">SUM_P002_5</attalias><attrtype Sync="TRUE">Double</attrtype><attwidth Sync="TRUE">19</attwidth><atprecis Sync="TRUE">18</atprecis><attscale Sync="TRUE">8</attscale></attr><attr><attrlabl Sync="TRUE">SUM_P002_6</attrlabl><attalias Sync="TRUE">SUM_P002_6</attalias><attrtype Sync="TRUE">Double</attrtype><attwidth Sync="TRUE">19</attwidth><atprecis Sync="TRUE">18</atprecis><attscale Sync="TRUE">8</attscale></attr><attr><attrlabl Sync="TRUE">SUM_P002_7</attrlabl><attalias Sync="TRUE">SUM_P002_7</attalias><attrtype Sync="TRUE">Double</attrtype><attwidth Sync="TRUE">19</attwidth><atprecis Sync="TRUE">18</atprecis><attscale Sync="TRUE">8</attscale></attr><attr><attrlabl Sync="TRUE">SUM_P002_8</attrlabl><attalias Sync="TRUE">SUM_P002_8</attalias><attrtype Sync="TRUE">Double</attrtype><attwidth Sync="TRUE">19</attwidth><atprecis Sync="TRUE">18</atprecis><attscale Sync="TRUE">8</attscale></attr><attr><attrlabl Sync="TRUE">SUM_P002_9</attrlabl><attalias Sync="TRUE">SUM_P002_9</attalias><attrtype Sync="TRUE">Double</attrtype><attwidth Sync="TRUE">19</attwidth><atprecis Sync="TRUE">18</atprecis><attscale Sync="TRUE">8</attscale></attr><attr><attrlabl Sync="TRUE">SUM_P00_10</attrlabl><attalias Sync="TRUE">SUM_P00_10</attalias><attrtype Sync="TRUE">Double</attrtype><attwidth Sync="TRUE">19</attwidth><atprecis Sync="TRUE">18</atprecis><attscale Sync="TRUE">8</attscale></attr><attr><attrlabl Sync="TRUE">SUM_P00300</attrlabl><attalias Sync="TRUE">SUM_P00300</attalias><attrtype Sync="TRUE">Double</attrtype><attwidth Sync="TRUE">19</attwidth><atprecis Sync="TRUE">18</atprecis><attscale Sync="TRUE">8</attscale></attr><attr><attrlabl Sync="TRUE">SUM_P003_1</attrlabl><attalias Sync="TRUE">SUM_P003_1</attalias><attrtype Sync="TRUE">Double</attrtype><attwidth Sync="TRUE">19</attwidth><atprecis Sync="TRUE">18</atprecis><attscale Sync="TRUE">8</attscale></attr><attr><attrlabl Sync="TRUE">SUM_P003_2</attrlabl><attalias Sync="TRUE">SUM_P003_2</attalias><attrtype Sync="TRUE">Double</attrtype><attwidth Sync="TRUE">19</attwidth><atprecis Sync="TRUE">18</atprecis><attscale Sync="TRUE">8</attscale></attr><attr><attrlabl Sync="TRUE">SUM_P003_3</attrlabl><attalias Sync="TRUE">SUM_P003_3</attalias><attrtype Sync="TRUE">Double</attrtype><attwidth Sync="TRUE">19</attwidth><atprecis Sync="TRUE">18</atprecis><attscale Sync="TRUE">8</attscale></attr><attr><attrlabl Sync="TRUE">SUM_P003_4</attrlabl><attalias Sync="TRUE">SUM_P003_4</attalias><attrtype Sync="TRUE">Double</attrtype><attwidth Sync="TRUE">19</attwidth><atprecis Sync="TRUE">18</atprecis><attscale Sync="TRUE">8</attscale></attr><attr><attrlabl Sync="TRUE">SUM_P003_5</attrlabl><attalias Sync="TRUE">SUM_P003_5</attalias><attrtype Sync="TRUE">Double</attrtype><attwidth Sync="TRUE">19</attwidth><atprecis Sync="TRUE">18</atprecis><attscale Sync="TRUE">8</attscale></attr><attr><attrlabl Sync="TRUE">SUM_P003_6</attrlabl><attalias Sync="TRUE">SUM_P003_6</attalias><attrtype Sync="TRUE">Double</attrtype><attwidth Sync="TRUE">19</attwidth><atprecis Sync="TRUE">18</atprecis><attscale Sync="TRUE">8</attscale></attr><attr><attrlabl Sync="TRUE">SUM_P003_7</attrlabl><attalias Sync="TRUE">SUM_P003_7</attalias><attrtype Sync="TRUE">Double</attrtype><attwidth Sync="TRUE">19</attwidth><atprecis Sync="TRUE">18</atprecis><attscale Sync="TRUE">8</attscale></attr><attr><attrlabl Sync="TRUE">SUM_P00400</attrlabl><attalias Sync="TRUE">SUM_P00400</attalias><attrtype Sync="TRUE">Double</attrtype><attwidth Sync="TRUE">19</attwidth><atprecis Sync="TRUE">18</atprecis><attscale Sync="TRUE">8</attscale></attr><attr><attrlabl Sync="TRUE">SUM_P004_1</attrlabl><attalias Sync="TRUE">SUM_P004_1</attalias><attrtype Sync="TRUE">Double</attrtype><attwidth Sync="TRUE">19</attwidth><atprecis Sync="TRUE">18</atprecis><attscale Sync="TRUE">8</attscale></attr><attr><attrlabl Sync="TRUE">SUM_P004_2</attrlabl><attalias Sync="TRUE">SUM_P004_2</attalias><attrtype Sync="TRUE">Double</attrtype><attwidth Sync="TRUE">19</attwidth><atprecis Sync="TRUE">18</atprecis><attscale Sync="TRUE">8</attscale></attr><attr><attrlabl Sync="TRUE">SUM_P004_3</attrlabl><attalias Sync="TRUE">SUM_P004_3</attalias><attrtype Sync="TRUE">Double</attrtype><attwidth Sync="TRUE">19</attwidth><atprecis Sync="TRUE">18</atprecis><attscale Sync="TRUE">8</attscale></attr><attr><attrlabl Sync="TRUE">SUM_P004_4</attrlabl><attalias Sync="TRUE">SUM_P004_4</attalias><attrtype Sync="TRUE">Double</attrtype><attwidth Sync="TRUE">19</attwidth><atprecis Sync="TRUE">18</atprecis><attscale Sync="TRUE">8</attscale></attr><attr><attrlabl Sync="TRUE">SUM_P004_5</attrlabl><attalias Sync="TRUE">SUM_P004_5</attalias><attrtype Sync="TRUE">Double</attrtype><attwidth Sync="TRUE">19</attwidth><atprecis Sync="TRUE">18</atprecis><attscale Sync="TRUE">8</attscale></attr><attr><attrlabl Sync="TRUE">SUM_P004_6</attrlabl><attalias Sync="TRUE">SUM_P004_6</attalias><attrtype Sync="TRUE">Double</attrtype><attwidth Sync="TRUE">19</attwidth><atprecis Sync="TRUE">18</atprecis><attscale Sync="TRUE">8</attscale></attr><attr><attrlabl Sync="TRUE">SUM_P004_7</attrlabl><attalias Sync="TRUE">SUM_P004_7</attalias><attrtype Sync="TRUE">Double</attrtype><attwidth Sync="TRUE">19</attwidth><atprecis Sync="TRUE">18</atprecis><attscale Sync="TRUE">8</attscale></attr><attr><attrlabl Sync="TRUE">SUM_P004_8</attrlabl><attalias Sync="TRUE">SUM_P004_8</attalias><attrtype Sync="TRUE">Double</attrtype><attwidth Sync="TRUE">19</attwidth><atprecis Sync="TRUE">18</atprecis><attscale Sync="TRUE">8</attscale></attr><attr><attrlabl Sync="TRUE">SUM_P004_9</attrlabl><attalias Sync="TRUE">SUM_P004_9</attalias><attrtype Sync="TRUE">Double</attrtype><attwidth Sync="TRUE">19</attwidth><atprecis Sync="TRUE">18</atprecis><attscale Sync="TRUE">8</attscale></attr><attr><attrlabl Sync="TRUE">SUM_P00_11</attrlabl><attalias Sync="TRUE">SUM_P00_11</attalias><attrtype Sync="TRUE">Double</attrtype><attwidth Sync="TRUE">19</attwidth><atprecis Sync="TRUE">18</atprecis><attscale Sync="TRUE">8</attscale></attr><attr><attrlabl Sync="TRUE">DISTRICT</attrlabl><attalias Sync="TRUE">DISTRICT</attalias><attrtype Sync="TRUE">Integer</attrtype><attwidth Sync="TRUE">10</attwidth><atprecis Sync="TRUE">10</atprecis><attscale Sync="TRUE">0</attscale></attr><attr><attrlabl Sync="TRUE">FOR_ACCELA</attrlabl><attalias Sync="TRUE">FOR_ACCELA</attalias><attrtype Sync="TRUE">String</attrtype><attwidth Sync="TRUE">16</attwidth><atprecis Sync="TRUE">0</atprecis><attscale Sync="TRUE">0</attscale></attr><attr><attrlabl Sync="TRUE">POPEST</attrlabl><attalias Sync="TRUE">POPEST</attalias><attrtype Sync="TRUE">Integer</attrtype><attwidth Sync="TRUE">10</attwidth><atprecis Sync="TRUE">10</atprecis><attscale Sync="TRUE">0</attscale></attr><attr><attrlabl Sync="TRUE">SHAPE_AREA</attrlabl><attalias Sync="TRUE">SHAPE_AREA</attalias><attrtype Sync="TRUE">Double</attrtype><attwidth Sync="TRUE">19</attwidth><atprecis Sync="TRUE">0</atprecis><attscale Sync="TRUE">0</attscale><attrdef Sync="TRUE">Area of feature in internal units squared.</attrdef><attrdefs Sync="TRUE">Esri</attrdefs><attrdomv><udom Sync="TRUE">Positive real numbers that are automatically generated.</udom></attrdomv></attr><attr><attrlabl Sync="TRUE">SHAPE_LEN</attrlabl><attalias Sync="TRUE">SHAPE_LEN</attalias><attrtype Sync="TRUE">Double</attrtype><attwidth Sync="TRUE">19</attwidth><atprecis Sync="TRUE">0</atprecis><attscale Sync="TRUE">0</attscale></attr></detailed></eainfo><mdDateSt Sync="TRUE">20210202</mdDateSt></metadata>
